date,station_id,temperature_max,temperature_min,temperature_avg,data_source,processed_at,energy_demand,eia_region,city,day_of_week,is_weekend
2025-04-28,GHCND:USW00094728,76.0,51.0,63.5,NOAA,2025-07-28 11:01:59.051686,337969,New York Independent System Operator,New York,Monday,False
2025-04-29,GHCND:USW00094728,79.0,56.0,67.5,NOAA,2025-07-28 11:01:59.051686,351109,New York Independent System Operator,New York,Tuesday,False
2025-04-30,GHCND:USW00094728,73.0,59.0,66.0,NOAA,2025-07-28 11:01:59.051686,344858,New York Independent System Operator,New York,Wednesday,False
2025-05-01,GHCND:USW00094728,71.0,52.0,61.5,NOAA,2025-07-28 11:01:59.051686,342656,New York Independent System Operator,New York,Thursday,False
2025-05-02,GHCND:USW00094728,84.0,57.0,70.5,NOAA,2025-07-28 11:01:59.051686,366165,New York Independent System Operator,New York,Friday,False
2025-05-03,GHCND:USW00094728,85.0,63.0,74.0,NOAA,2025-07-28 11:01:59.051686,359272,New York Independent System Operator,New York,Saturday,True
2025-05-04,GHCND:USW00094728,69.0,60.0,64.5,NOAA,2025-07-28 11:01:59.051686,349654,New York Independent System Operator,New York,Sunday,True
2025-05-05,GHCND:USW00094728,61.0,57.0,59.0,NOAA,2025-07-28 11:01:59.051686,375255,New York Independent System Operator,New York,Monday,False
2025-05-06,GHCND:USW00094728,64.0,57.0,60.5,NOAA,2025-07-28 11:01:59.051686,360106,New York Independent System Operator,New York,Tuesday,False
2025-05-07,GHCND:USW00094728,74.0,55.0,64.5,NOAA,2025-07-28 11:01:59.051686,357887,New York Independent System Operator,New York,Wednesday,False
2025-05-08,GHCND:USW00094728,78.0,60.0,69.0,NOAA,2025-07-28 11:01:59.051686,369593,New York Independent System Operator,New York,Thursday,False
2025-05-09,GHCND:USW00094728,60.0,51.0,55.5,NOAA,2025-07-28 11:01:59.051686,371722,New York Independent System Operator,New York,Friday,False
2025-05-10,GHCND:USW00094728,72.0,50.0,61.0,NOAA,2025-07-28 11:01:59.051686,318627,New York Independent System Operator,New York,Saturday,True
2025-05-11,GHCND:USW00094728,77.0,58.0,67.5,NOAA,2025-07-28 11:01:59.051686,314294,New York Independent System Operator,New York,Sunday,True
2025-05-12,GHCND:USW00094728,72.0,57.0,64.5,NOAA,2025-07-28 11:01:59.051686,351424,New York Independent System Operator,New York,Monday,False
2025-05-13,GHCND:USW00094728,69.0,58.0,63.5,NOAA,2025-07-28 11:01:59.051686,371435,New York Independent System Operator,New York,Tuesday,False
2025-05-14,GHCND:USW00094728,62.0,56.0,59.0,NOAA,2025-07-28 11:01:59.051686,374930,New York Independent System Operator,New York,Wednesday,False
2025-05-15,GHCND:USW00094728,69.0,59.0,64.0,NOAA,2025-07-28 11:01:59.051686,379942,New York Independent System Operator,New York,Thursday,False
2025-05-16,GHCND:USW00094728,72.0,61.0,66.5,NOAA,2025-07-28 11:01:59.051686,382250,New York Independent System Operator,New York,Friday,False
2025-05-17,GHCND:USW00094728,82.0,63.0,72.5,NOAA,2025-07-28 11:01:59.051686,370178,New York Independent System Operator,New York,Saturday,True
2025-05-18,GHCND:USW00094728,73.0,61.0,67.0,NOAA,2025-07-28 11:01:59.051686,350246,New York Independent System Operator,New York,Sunday,True
2025-05-19,GHCND:USW00094728,69.0,51.0,60.0,NOAA,2025-07-28 11:01:59.051686,352738,New York Independent System Operator,New York,Monday,False
2025-05-20,GHCND:USW00094728,67.0,49.0,58.0,NOAA,2025-07-28 11:01:59.051686,345052,New York Independent System Operator,New York,Tuesday,False
2025-05-21,GHCND:USW00094728,59.0,49.0,54.0,NOAA,2025-07-28 11:01:59.051686,370697,New York Independent System Operator,New York,Wednesday,False
2025-05-22,GHCND:USW00094728,51.0,48.0,49.5,NOAA,2025-07-28 11:01:59.051686,374864,New York Independent System Operator,New York,Thursday,False
2025-05-23,GHCND:USW00094728,63.0,47.0,55.0,NOAA,2025-07-28 11:01:59.051686,364713,New York Independent System Operator,New York,Friday,False
2025-05-24,GHCND:USW00094728,64.0,48.0,56.0,NOAA,2025-07-28 11:01:59.051686,329213,New York Independent System Operator,New York,Saturday,True
2025-05-25,GHCND:USW00094728,66.0,52.0,59.0,NOAA,2025-07-28 11:01:59.051686,317380,New York Independent System Operator,New York,Sunday,True
2025-05-26,GHCND:USW00094728,73.0,52.0,62.5,NOAA,2025-07-28 11:01:59.051686,315288,New York Independent System Operator,New York,Monday,False
2025-05-27,GHCND:USW00094728,74.0,57.0,65.5,NOAA,2025-07-28 11:01:59.051686,354571,New York Independent System Operator,New York,Tuesday,False
2025-04-28,GHCND:USW00094846,84.0,53.0,68.5,NOAA,2025-07-28 11:02:41.213552,1953655,"PJM Interconnection, LLC",Chicago,Monday,False
2025-04-29,GHCND:USW00094846,77.0,50.0,63.5,NOAA,2025-07-28 11:02:41.213552,2026336,"PJM Interconnection, LLC",Chicago,Tuesday,False
2025-04-30,GHCND:USW00094846,61.0,44.0,52.5,NOAA,2025-07-28 11:02:41.213552,2036819,"PJM Interconnection, LLC",Chicago,Wednesday,False
2025-05-01,GHCND:USW00094846,68.0,51.0,59.5,NOAA,2025-07-28 11:02:41.213552,2060594,"PJM Interconnection, LLC",Chicago,Thursday,False
2025-05-02,GHCND:USW00094846,57.0,46.0,51.5,NOAA,2025-07-28 11:02:41.213552,2092208,"PJM Interconnection, LLC",Chicago,Friday,False
2025-05-03,GHCND:USW00094846,54.0,44.0,49.0,NOAA,2025-07-28 11:02:41.213552,1955557,"PJM Interconnection, LLC",Chicago,Saturday,True
2025-05-04,GHCND:USW00094846,59.0,45.0,52.0,NOAA,2025-07-28 11:02:41.213552,1883414,"PJM Interconnection, LLC",Chicago,Sunday,True
2025-05-05,GHCND:USW00094846,61.0,47.0,54.0,NOAA,2025-07-28 11:02:41.213552,2005714,"PJM Interconnection, LLC",Chicago,Monday,False
2025-05-06,GHCND:USW00094846,77.0,47.0,62.0,NOAA,2025-07-28 11:02:41.213552,1984170,"PJM Interconnection, LLC",Chicago,Tuesday,False
2025-05-07,GHCND:USW00094846,75.0,48.0,61.5,NOAA,2025-07-28 11:02:41.213552,1986506,"PJM Interconnection, LLC",Chicago,Wednesday,False
2025-05-08,GHCND:USW00094846,58.0,41.0,49.5,NOAA,2025-07-28 11:02:41.213552,2025767,"PJM Interconnection, LLC",Chicago,Thursday,False
2025-05-09,GHCND:USW00094846,67.0,37.0,52.0,NOAA,2025-07-28 11:02:41.213552,1923250,"PJM Interconnection, LLC",Chicago,Friday,False
2025-05-10,GHCND:USW00094846,73.0,46.0,59.5,NOAA,2025-07-28 11:02:41.213552,1775888,"PJM Interconnection, LLC",Chicago,Saturday,True
2025-05-11,GHCND:USW00094846,71.0,42.0,56.5,NOAA,2025-07-28 11:02:41.213552,1820740,"PJM Interconnection, LLC",Chicago,Sunday,True
2025-05-12,GHCND:USW00094846,80.0,48.0,64.0,NOAA,2025-07-28 11:02:41.213552,2043592,"PJM Interconnection, LLC",Chicago,Monday,False
2025-05-13,GHCND:USW00094846,78.0,58.0,68.0,NOAA,2025-07-28 11:02:41.213552,2082434,"PJM Interconnection, LLC",Chicago,Tuesday,False
2025-05-14,GHCND:USW00094846,80.0,56.0,68.0,NOAA,2025-07-28 11:02:41.213552,2107695,"PJM Interconnection, LLC",Chicago,Wednesday,False
2025-05-15,GHCND:USW00094846,94.0,57.0,75.5,NOAA,2025-07-28 11:02:41.213552,2261689,"PJM Interconnection, LLC",Chicago,Thursday,False
2025-05-16,GHCND:USW00094846,88.0,60.0,74.0,NOAA,2025-07-28 11:02:41.213552,2277799,"PJM Interconnection, LLC",Chicago,Friday,False
2025-05-17,GHCND:USW00094846,71.0,54.0,62.5,NOAA,2025-07-28 11:02:41.213552,2026227,"PJM Interconnection, LLC",Chicago,Saturday,True
2025-05-18,GHCND:USW00094846,64.0,45.0,54.5,NOAA,2025-07-28 11:02:41.213552,1897291,"PJM Interconnection, LLC",Chicago,Sunday,True
2025-05-19,GHCND:USW00094846,55.0,43.0,49.0,NOAA,2025-07-28 11:02:41.213552,2010845,"PJM Interconnection, LLC",Chicago,Monday,False
2025-05-20,GHCND:USW00094846,56.0,48.0,52.0,NOAA,2025-07-28 11:02:41.213552,1974841,"PJM Interconnection, LLC",Chicago,Tuesday,False
2025-05-21,GHCND:USW00094846,52.0,48.0,50.0,NOAA,2025-07-28 11:02:41.213552,1996622,"PJM Interconnection, LLC",Chicago,Wednesday,False
2025-05-22,GHCND:USW00094846,57.0,46.0,51.5,NOAA,2025-07-28 11:02:41.213552,1978006,"PJM Interconnection, LLC",Chicago,Thursday,False
2025-05-23,GHCND:USW00094846,65.0,42.0,53.5,NOAA,2025-07-28 11:02:41.213552,1903861,"PJM Interconnection, LLC",Chicago,Friday,False
2025-05-24,GHCND:USW00094846,66.0,44.0,55.0,NOAA,2025-07-28 11:02:41.213552,1765202,"PJM Interconnection, LLC",Chicago,Saturday,True
2025-05-25,GHCND:USW00094846,66.0,47.0,56.5,NOAA,2025-07-28 11:02:41.213552,1733998,"PJM Interconnection, LLC",Chicago,Sunday,True
2025-05-26,GHCND:USW00094846,67.0,46.0,56.5,NOAA,2025-07-28 11:02:41.213552,1777526,"PJM Interconnection, LLC",Chicago,Monday,False
2025-05-27,GHCND:USW00094846,69.0,52.0,60.5,NOAA,2025-07-28 11:02:41.213552,1960824,"PJM Interconnection, LLC",Chicago,Tuesday,False
2025-04-28,GHCND:USW00012960,86.0,71.0,78.5,NOAA,2025-07-28 11:02:48.904129,1323896,"Electric Reliability Council of Texas, Inc.",Houston,Monday,False
2025-04-29,GHCND:USW00012960,84.0,70.0,77.0,NOAA,2025-07-28 11:02:48.904129,1307918,"Electric Reliability Council of Texas, Inc.",Houston,Tuesday,False
2025-04-30,GHCND:USW00012960,86.0,74.0,80.0,NOAA,2025-07-28 11:02:48.904129,1263170,"Electric Reliability Council of Texas, Inc.",Houston,Wednesday,False
2025-05-01,GHCND:USW00012960,89.0,71.0,80.0,NOAA,2025-07-28 11:02:48.904129,1273096,"Electric Reliability Council of Texas, Inc.",Houston,Thursday,False
2025-05-02,GHCND:USW00012960,86.0,68.0,77.0,NOAA,2025-07-28 11:02:48.904129,1189727,"Electric Reliability Council of Texas, Inc.",Houston,Friday,False
2025-05-03,GHCND:USW00012960,82.0,64.0,73.0,NOAA,2025-07-28 11:02:48.904129,1102903,"Electric Reliability Council of Texas, Inc.",Houston,Saturday,True
2025-05-04,GHCND:USW00012960,83.0,59.0,71.0,NOAA,2025-07-28 11:02:48.904129,1114796,"Electric Reliability Council of Texas, Inc.",Houston,Sunday,True
2025-05-05,GHCND:USW00012960,81.0,60.0,70.5,NOAA,2025-07-28 11:02:48.904129,1151316,"Electric Reliability Council of Texas, Inc.",Houston,Monday,False
2025-05-06,GHCND:USW00012960,84.0,67.0,75.5,NOAA,2025-07-28 11:02:48.904129,1185381,"Electric Reliability Council of Texas, Inc.",Houston,Tuesday,False
2025-05-07,GHCND:USW00012960,85.0,69.0,77.0,NOAA,2025-07-28 11:02:48.904129,1222940,"Electric Reliability Council of Texas, Inc.",Houston,Wednesday,False
2025-05-08,GHCND:USW00012960,90.0,67.0,78.5,NOAA,2025-07-28 11:02:48.904129,1214235,"Electric Reliability Council of Texas, Inc.",Houston,Thursday,False
2025-05-09,GHCND:USW00012960,85.0,68.0,76.5,NOAA,2025-07-28 11:02:48.904129,1189951,"Electric Reliability Council of Texas, Inc.",Houston,Friday,False
2025-05-10,GHCND:USW00012960,84.0,65.0,74.5,NOAA,2025-07-28 11:02:48.904129,1145071,"Electric Reliability Council of Texas, Inc.",Houston,Saturday,True
2025-05-11,GHCND:USW00012960,82.0,62.0,72.0,NOAA,2025-07-28 11:02:48.904129,1110723,"Electric Reliability Council of Texas, Inc.",Houston,Sunday,True
2025-05-12,GHCND:USW00012960,86.0,61.0,73.5,NOAA,2025-07-28 11:02:48.904129,1252353,"Electric Reliability Council of Texas, Inc.",Houston,Monday,False
2025-05-13,GHCND:USW00012960,95.0,69.0,82.0,NOAA,2025-07-28 11:02:48.904129,1406912,"Electric Reliability Council of Texas, Inc.",Houston,Tuesday,False
2025-05-14,GHCND:USW00012960,96.0,75.0,85.5,NOAA,2025-07-28 11:02:48.904129,1484450,"Electric Reliability Council of Texas, Inc.",Houston,Wednesday,False
2025-05-15,GHCND:USW00012960,95.0,77.0,86.0,NOAA,2025-07-28 11:02:48.904129,1463810,"Electric Reliability Council of Texas, Inc.",Houston,Thursday,False
2025-05-16,GHCND:USW00012960,93.0,81.0,87.0,NOAA,2025-07-28 11:02:48.904129,1472815,"Electric Reliability Council of Texas, Inc.",Houston,Friday,False
2025-05-17,GHCND:USW00012960,94.0,79.0,86.5,NOAA,2025-07-28 11:02:48.904129,1450839,"Electric Reliability Council of Texas, Inc.",Houston,Saturday,True
2025-05-18,GHCND:USW00012960,92.0,81.0,86.5,NOAA,2025-07-28 11:02:48.904129,1419175,"Electric Reliability Council of Texas, Inc.",Houston,Sunday,True
2025-05-19,GHCND:USW00012960,92.0,80.0,86.0,NOAA,2025-07-28 11:02:48.904129,1467411,"Electric Reliability Council of Texas, Inc.",Houston,Monday,False
2025-05-20,GHCND:USW00012960,96.0,81.0,88.5,NOAA,2025-07-28 11:02:48.904129,1429415,"Electric Reliability Council of Texas, Inc.",Houston,Tuesday,False
2025-05-21,GHCND:USW00012960,89.0,76.0,82.5,NOAA,2025-07-28 11:02:48.904129,1386664,"Electric Reliability Council of Texas, Inc.",Houston,Wednesday,False
2025-05-22,GHCND:USW00012960,94.0,77.0,85.5,NOAA,2025-07-28 11:02:48.904129,1483819,"Electric Reliability Council of Texas, Inc.",Houston,Thursday,False
2025-05-23,GHCND:USW00012960,94.0,76.0,85.0,NOAA,2025-07-28 11:02:48.904129,1517942,"Electric Reliability Council of Texas, Inc.",Houston,Friday,False
2025-05-24,GHCND:USW00012960,96.0,80.0,88.0,NOAA,2025-07-28 11:02:48.904129,1519272,"Electric Reliability Council of Texas, Inc.",Houston,Saturday,True
2025-05-25,GHCND:USW00012960,95.0,82.0,88.5,NOAA,2025-07-28 11:02:48.904129,1514585,"Electric Reliability Council of Texas, Inc.",Houston,Sunday,True
2025-05-26,GHCND:USW00012960,88.0,70.0,79.0,NOAA,2025-07-28 11:02:48.904129,1323574,"Electric Reliability Council of Texas, Inc.",Houston,Monday,False
2025-05-27,GHCND:USW00012960,91.0,68.0,79.5,NOAA,2025-07-28 11:02:48.904129,1353527,"Electric Reliability Council of Texas, Inc.",Houston,Tuesday,False
2025-04-28,GHCND:USW00023183,82.0,59.0,70.5,NOAA,2025-07-28 11:03:00.862454,75494,Arizona Public Service Company,Phoenix,Monday,False
2025-04-29,GHCND:USW00023183,88.0,63.0,75.5,NOAA,2025-07-28 11:03:00.862454,79864,Arizona Public Service Company,Phoenix,Tuesday,False
2025-04-30,GHCND:USW00023183,91.0,64.0,77.5,NOAA,2025-07-28 11:03:00.862454,91101,Arizona Public Service Company,Phoenix,Wednesday,False
2025-05-01,GHCND:USW00023183,94.0,68.0,81.0,NOAA,2025-07-28 11:03:00.862454,87428,Arizona Public Service Company,Phoenix,Thursday,False
2025-05-02,GHCND:USW00023183,94.0,71.0,82.5,NOAA,2025-07-28 11:03:00.862454,89109,Arizona Public Service Company,Phoenix,Friday,False
2025-05-03,GHCND:USW00023183,97.0,70.0,83.5,NOAA,2025-07-28 11:03:00.862454,87848,Arizona Public Service Company,Phoenix,Saturday,True
2025-05-04,GHCND:USW00023183,83.0,65.0,74.0,NOAA,2025-07-28 11:03:00.862454,76402,Arizona Public Service Company,Phoenix,Sunday,True
2025-05-05,GHCND:USW00023183,74.0,59.0,66.5,NOAA,2025-07-28 11:03:00.862454,79407,Arizona Public Service Company,Phoenix,Monday,False
2025-05-06,GHCND:USW00023183,77.0,62.0,69.5,NOAA,2025-07-28 11:03:00.862454,83405,Arizona Public Service Company,Phoenix,Tuesday,False
2025-05-07,GHCND:USW00023183,86.0,65.0,75.5,NOAA,2025-07-28 11:03:00.862454,82119,Arizona Public Service Company,Phoenix,Wednesday,False
2025-05-08,GHCND:USW00023183,95.0,66.0,80.5,NOAA,2025-07-28 11:03:00.862454,90021,Arizona Public Service Company,Phoenix,Thursday,False
2025-05-09,GHCND:USW00023183,104.0,73.0,88.5,NOAA,2025-07-28 11:03:00.862454,103394,Arizona Public Service Company,Phoenix,Friday,False
2025-05-10,GHCND:USW00023183,103.0,78.0,90.5,NOAA,2025-07-28 11:03:00.862454,104585,Arizona Public Service Company,Phoenix,Saturday,True
2025-05-11,GHCND:USW00023183,104.0,77.0,90.5,NOAA,2025-07-28 11:03:00.862454,103311,Arizona Public Service Company,Phoenix,Sunday,True
2025-05-12,GHCND:USW00023183,101.0,80.0,90.5,NOAA,2025-07-28 11:03:00.862454,108451,Arizona Public Service Company,Phoenix,Monday,False
2025-05-13,GHCND:USW00023183,90.0,75.0,82.5,NOAA,2025-07-28 11:03:00.862454,91116,Arizona Public Service Company,Phoenix,Tuesday,False
2025-05-14,GHCND:USW00023183,84.0,66.0,75.0,NOAA,2025-07-28 11:03:00.862454,88982,Arizona Public Service Company,Phoenix,Wednesday,False
2025-05-15,GHCND:USW00023183,89.0,65.0,77.0,NOAA,2025-07-28 11:03:00.862454,94742,Arizona Public Service Company,Phoenix,Thursday,False
2025-05-16,GHCND:USW00023183,94.0,67.0,80.5,NOAA,2025-07-28 11:03:00.862454,93509,Arizona Public Service Company,Phoenix,Friday,False
2025-05-17,GHCND:USW00023183,95.0,70.0,82.5,NOAA,2025-07-28 11:03:00.862454,88837,Arizona Public Service Company,Phoenix,Saturday,True
2025-05-18,GHCND:USW00023183,86.0,67.0,76.5,NOAA,2025-07-28 11:03:00.862454,84452,Arizona Public Service Company,Phoenix,Sunday,True
2025-05-19,GHCND:USW00023183,94.0,70.0,82.0,NOAA,2025-07-28 11:03:00.862454,93963,Arizona Public Service Company,Phoenix,Monday,False
2025-05-20,GHCND:USW00023183,99.0,70.0,84.5,NOAA,2025-07-28 11:03:00.862454,104672,Arizona Public Service Company,Phoenix,Tuesday,False
2025-05-21,GHCND:USW00023183,102.0,71.0,86.5,NOAA,2025-07-28 11:03:00.862454,108231,Arizona Public Service Company,Phoenix,Wednesday,False
2025-05-22,GHCND:USW00023183,106.0,74.0,90.0,NOAA,2025-07-28 11:03:00.862454,108812,Arizona Public Service Company,Phoenix,Thursday,False
2025-05-23,GHCND:USW00023183,103.0,74.0,88.5,NOAA,2025-07-28 11:03:00.862454,106330,Arizona Public Service Company,Phoenix,Friday,False
2025-05-24,GHCND:USW00023183,100.0,75.0,87.5,NOAA,2025-07-28 11:03:00.862454,99916,Arizona Public Service Company,Phoenix,Saturday,True
2025-05-25,GHCND:USW00023183,98.0,73.0,85.5,NOAA,2025-07-28 11:03:00.862454,95885,Arizona Public Service Company,Phoenix,Sunday,True
2025-05-26,GHCND:USW00023183,100.0,73.0,86.5,NOAA,2025-07-28 11:03:00.862454,97556,Arizona Public Service Company,Phoenix,Monday,False
2025-05-27,GHCND:USW00023183,101.0,75.0,88.0,NOAA,2025-07-28 11:03:00.862454,105337,Arizona Public Service Company,Phoenix,Tuesday,False
2025-04-28,GHCND:USW00024233,55.0,46.0,50.5,NOAA,2025-07-28 11:03:10.454108,25051,Seattle City Light,Seattle,Monday,False
2025-04-29,GHCND:USW00024233,59.0,47.0,53.0,NOAA,2025-07-28 11:03:10.454108,25228,Seattle City Light,Seattle,Tuesday,False
2025-04-30,GHCND:USW00024233,61.0,43.0,52.0,NOAA,2025-07-28 11:03:10.454108,24682,Seattle City Light,Seattle,Wednesday,False
2025-05-01,GHCND:USW00024233,76.0,43.0,59.5,NOAA,2025-07-28 11:03:10.454108,23053,Seattle City Light,Seattle,Thursday,False
2025-05-02,GHCND:USW00024233,69.0,50.0,59.5,NOAA,2025-07-28 11:03:10.454108,22878,Seattle City Light,Seattle,Friday,False
2025-05-03,GHCND:USW00024233,57.0,45.0,51.0,NOAA,2025-07-28 11:03:10.454108,22348,Seattle City Light,Seattle,Saturday,True
2025-05-04,GHCND:USW00024233,61.0,42.0,51.5,NOAA,2025-07-28 11:03:10.454108,22617,Seattle City Light,Seattle,Sunday,True
2025-05-05,GHCND:USW00024233,70.0,42.0,56.0,NOAA,2025-07-28 11:03:10.454108,24178,Seattle City Light,Seattle,Monday,False
2025-05-06,GHCND:USW00024233,77.0,48.0,62.5,NOAA,2025-07-28 11:03:10.454108,22791,Seattle City Light,Seattle,Tuesday,False
2025-05-07,GHCND:USW00024233,66.0,46.0,56.0,NOAA,2025-07-28 11:03:10.454108,22085,Seattle City Light,Seattle,Wednesday,False
2025-05-08,GHCND:USW00024233,63.0,43.0,53.0,NOAA,2025-07-28 11:03:10.454108,22365,Seattle City Light,Seattle,Thursday,False
2025-05-09,GHCND:USW00024233,70.0,44.0,57.0,NOAA,2025-07-28 11:03:10.454108,22317,Seattle City Light,Seattle,Friday,False
2025-05-10,GHCND:USW00024233,63.0,49.0,56.0,NOAA,2025-07-28 11:03:10.454108,20574,Seattle City Light,Seattle,Saturday,True
2025-05-11,GHCND:USW00024233,62.0,49.0,55.5,NOAA,2025-07-28 11:03:10.454108,20659,Seattle City Light,Seattle,Sunday,True
2025-05-12,GHCND:USW00024233,67.0,45.0,56.0,NOAA,2025-07-28 11:03:10.454108,22683,Seattle City Light,Seattle,Monday,False
2025-05-13,GHCND:USW00024233,60.0,48.0,54.0,NOAA,2025-07-28 11:03:10.454108,22788,Seattle City Light,Seattle,Tuesday,False
2025-05-14,GHCND:USW00024233,62.0,49.0,55.5,NOAA,2025-07-28 11:03:10.454108,22886,Seattle City Light,Seattle,Wednesday,False
2025-05-15,GHCND:USW00024233,56.0,44.0,50.0,NOAA,2025-07-28 11:03:10.454108,23175,Seattle City Light,Seattle,Thursday,False
2025-05-16,GHCND:USW00024233,59.0,48.0,53.5,NOAA,2025-07-28 11:03:10.454108,23634,Seattle City Light,Seattle,Friday,False
2025-05-17,GHCND:USW00024233,62.0,48.0,55.0,NOAA,2025-07-28 11:03:10.454108,22882,Seattle City Light,Seattle,Saturday,True
2025-05-18,GHCND:USW00024233,62.0,45.0,53.5,NOAA,2025-07-28 11:03:10.454108,22889,Seattle City Light,Seattle,Sunday,True
2025-05-19,GHCND:USW00024233,61.0,47.0,54.0,NOAA,2025-07-28 11:03:10.454108,24120,Seattle City Light,Seattle,Monday,False
2025-05-20,GHCND:USW00024233,60.0,47.0,53.5,NOAA,2025-07-28 11:03:10.454108,24282,Seattle City Light,Seattle,Tuesday,False
2025-05-21,GHCND:USW00024233,62.0,49.0,55.5,NOAA,2025-07-28 11:03:10.454108,22921,Seattle City Light,Seattle,Wednesday,False
2025-05-22,GHCND:USW00024233,68.0,49.0,58.5,NOAA,2025-07-28 11:03:10.454108,22290,Seattle City Light,Seattle,Thursday,False
2025-05-23,GHCND:USW00024233,67.0,49.0,58.0,NOAA,2025-07-28 11:03:10.454108,22538,Seattle City Light,Seattle,Friday,False
2025-05-24,GHCND:USW00024233,76.0,47.0,61.5,NOAA,2025-07-28 11:03:10.454108,21207,Seattle City Light,Seattle,Saturday,True
2025-05-25,GHCND:USW00024233,69.0,50.0,59.5,NOAA,2025-07-28 11:03:10.454108,20863,Seattle City Light,Seattle,Sunday,True
2025-05-26,GHCND:USW00024233,67.0,51.0,59.0,NOAA,2025-07-28 11:03:10.454108,21879,Seattle City Light,Seattle,Monday,False
2025-05-27,GHCND:USW00024233,75.0,48.0,61.5,NOAA,2025-07-28 11:03:10.454108,23155,Seattle City Light,Seattle,Tuesday,False
2025-05-28,GHCND:USW00094728,65.0,52.0,58.5,NOAA,2025-07-28 11:03:21.984952,358824,New York Independent System Operator,New York,Wednesday,False
2025-05-29,GHCND:USW00094728,67.0,55.0,61.0,NOAA,2025-07-28 11:03:21.984952,364646,New York Independent System Operator,New York,Thursday,False
2025-05-30,GHCND:USW00094728,75.0,62.0,68.5,NOAA,2025-07-28 11:03:21.984952,365737,New York Independent System Operator,New York,Friday,False
2025-05-31,GHCND:USW00094728,67.0,53.0,60.0,NOAA,2025-07-28 11:03:21.984952,345111,New York Independent System Operator,New York,Saturday,True
2025-06-01,GHCND:USW00094728,66.0,50.0,58.0,NOAA,2025-07-28 11:03:21.984952,320973,New York Independent System Operator,New York,Sunday,True
2025-06-02,GHCND:USW00094728,71.0,53.0,62.0,NOAA,2025-07-28 11:03:21.984952,340841,New York Independent System Operator,New York,Monday,False
2025-06-03,GHCND:USW00094728,79.0,56.0,67.5,NOAA,2025-07-28 11:03:21.984952,363595,New York Independent System Operator,New York,Tuesday,False
2025-06-04,GHCND:USW00094728,83.0,62.0,72.5,NOAA,2025-07-28 11:03:21.984952,403374,New York Independent System Operator,New York,Wednesday,False
2025-06-05,GHCND:USW00094728,87.0,70.0,78.5,NOAA,2025-07-28 11:03:21.984952,454411,New York Independent System Operator,New York,Thursday,False
2025-06-06,GHCND:USW00094728,84.0,71.0,77.5,NOAA,2025-07-28 11:03:21.984952,458228,New York Independent System Operator,New York,Friday,False
2025-06-07,GHCND:USW00094728,76.0,66.0,71.0,NOAA,2025-07-28 11:03:21.984952,402867,New York Independent System Operator,New York,Saturday,True
2025-06-08,GHCND:USW00094728,76.0,63.0,69.5,NOAA,2025-07-28 11:03:21.984952,371066,New York Independent System Operator,New York,Sunday,True
2025-06-09,GHCND:USW00094728,64.0,62.0,63.0,NOAA,2025-07-28 11:03:21.984952,393348,New York Independent System Operator,New York,Monday,False
2025-06-10,GHCND:USW00094728,73.0,62.0,67.5,NOAA,2025-07-28 11:03:21.984952,392609,New York Independent System Operator,New York,Tuesday,False
2025-06-11,GHCND:USW00094728,81.0,65.0,73.0,NOAA,2025-07-28 11:03:21.984952,411978,New York Independent System Operator,New York,Wednesday,False
2025-06-12,GHCND:USW00094728,87.0,70.0,78.5,NOAA,2025-07-28 11:03:21.984952,444615,New York Independent System Operator,New York,Thursday,False
2025-06-13,GHCND:USW00094728,78.0,67.0,72.5,NOAA,2025-07-28 11:03:21.984952,406317,New York Independent System Operator,New York,Friday,False
2025-06-14,GHCND:USW00094728,68.0,59.0,63.5,NOAA,2025-07-28 11:03:21.984952,357259,New York Independent System Operator,New York,Saturday,True
2025-06-15,GHCND:USW00094728,64.0,59.0,61.5,NOAA,2025-07-28 11:03:21.984952,346007,New York Independent System Operator,New York,Sunday,True
2025-06-16,GHCND:USW00094728,69.0,60.0,64.5,NOAA,2025-07-28 11:03:21.984952,387018,New York Independent System Operator,New York,Monday,False
2025-06-17,GHCND:USW00094728,67.0,62.0,64.5,NOAA,2025-07-28 11:03:21.984952,405003,New York Independent System Operator,New York,Tuesday,False
2025-06-18,GHCND:USW00094728,84.0,65.0,74.5,NOAA,2025-07-28 11:03:21.984952,447644,New York Independent System Operator,New York,Wednesday,False
2025-06-19,GHCND:USW00094728,88.0,70.0,79.0,NOAA,2025-07-28 11:03:21.984952,486523,New York Independent System Operator,New York,Thursday,False
2025-06-20,GHCND:USW00094728,82.0,67.0,74.5,NOAA,2025-07-28 11:03:21.984952,443986,New York Independent System Operator,New York,Friday,False
2025-06-21,GHCND:USW00094728,86.0,72.0,79.0,NOAA,2025-07-28 11:03:21.984952,460139,New York Independent System Operator,New York,Saturday,True
2025-06-22,GHCND:USW00094728,88.0,71.0,79.5,NOAA,2025-07-28 11:03:21.984952,506129,New York Independent System Operator,New York,Sunday,True
2025-06-23,GHCND:USW00094728,96.0,80.0,88.0,NOAA,2025-07-28 11:03:21.984952,611051,New York Independent System Operator,New York,Monday,False
2025-06-24,GHCND:USW00094728,99.0,81.0,90.0,NOAA,2025-07-28 11:03:21.984952,637696,New York Independent System Operator,New York,Tuesday,False
2025-06-25,GHCND:USW00094728,96.0,81.0,88.5,NOAA,2025-07-28 11:03:21.984952,628769,New York Independent System Operator,New York,Wednesday,False
2025-06-26,GHCND:USW00094728,85.0,66.0,75.5,NOAA,2025-07-28 11:03:21.984952,485906,New York Independent System Operator,New York,Thursday,False
2025-05-28,GHCND:USW00094846,63.0,55.0,59.0,NOAA,2025-07-28 11:03:29.496712,1992338,"PJM Interconnection, LLC",Chicago,Wednesday,False
2025-05-29,GHCND:USW00094846,70.0,53.0,61.5,NOAA,2025-07-28 11:03:29.496712,2024387,"PJM Interconnection, LLC",Chicago,Thursday,False
2025-05-30,GHCND:USW00094846,73.0,53.0,63.0,NOAA,2025-07-28 11:03:29.496712,2044019,"PJM Interconnection, LLC",Chicago,Friday,False
2025-05-31,GHCND:USW00094846,64.0,50.0,57.0,NOAA,2025-07-28 11:03:29.496712,1822722,"PJM Interconnection, LLC",Chicago,Saturday,True
2025-06-01,GHCND:USW00094846,70.0,46.0,58.0,NOAA,2025-07-28 11:03:29.496712,1782552,"PJM Interconnection, LLC",Chicago,Sunday,True
2025-06-02,GHCND:USW00094846,84.0,50.0,67.0,NOAA,2025-07-28 11:03:29.496712,1999280,"PJM Interconnection, LLC",Chicago,Monday,False
2025-06-03,GHCND:USW00094846,89.0,68.0,78.5,NOAA,2025-07-28 11:03:29.496712,2192466,"PJM Interconnection, LLC",Chicago,Tuesday,False
2025-06-04,GHCND:USW00094846,71.0,55.0,63.0,NOAA,2025-07-28 11:03:29.496712,2354915,"PJM Interconnection, LLC",Chicago,Wednesday,False
2025-06-05,GHCND:USW00094846,72.0,54.0,63.0,NOAA,2025-07-28 11:03:29.496712,2401925,"PJM Interconnection, LLC",Chicago,Thursday,False
2025-06-06,GHCND:USW00094846,77.0,57.0,67.0,NOAA,2025-07-28 11:03:29.496712,2380416,"PJM Interconnection, LLC",Chicago,Friday,False
2025-06-07,GHCND:USW00094846,77.0,54.0,65.5,NOAA,2025-07-28 11:03:29.496712,2199151,"PJM Interconnection, LLC",Chicago,Saturday,True
2025-06-08,GHCND:USW00094846,81.0,59.0,70.0,NOAA,2025-07-28 11:03:29.496712,2089649,"PJM Interconnection, LLC",Chicago,Sunday,True
2025-06-09,GHCND:USW00094846,71.0,55.0,63.0,NOAA,2025-07-28 11:03:29.496712,2241398,"PJM Interconnection, LLC",Chicago,Monday,False
2025-06-10,GHCND:USW00094846,78.0,55.0,66.5,NOAA,2025-07-28 11:03:29.496712,2284063,"PJM Interconnection, LLC",Chicago,Tuesday,False
2025-06-11,GHCND:USW00094846,92.0,64.0,78.0,NOAA,2025-07-28 11:03:29.496712,2402778,"PJM Interconnection, LLC",Chicago,Wednesday,False
2025-06-12,GHCND:USW00094846,79.0,62.0,70.5,NOAA,2025-07-28 11:03:29.496712,2554294,"PJM Interconnection, LLC",Chicago,Thursday,False
2025-06-13,GHCND:USW00094846,71.0,59.0,65.0,NOAA,2025-07-28 11:03:29.496712,2433294,"PJM Interconnection, LLC",Chicago,Friday,False
2025-06-14,GHCND:USW00094846,76.0,58.0,67.0,NOAA,2025-07-28 11:03:29.496712,2180266,"PJM Interconnection, LLC",Chicago,Saturday,True
2025-06-15,GHCND:USW00094846,82.0,57.0,69.5,NOAA,2025-07-28 11:03:29.496712,2084485,"PJM Interconnection, LLC",Chicago,Sunday,True
2025-06-16,GHCND:USW00094846,88.0,61.0,74.5,NOAA,2025-07-28 11:03:29.496712,2281963,"PJM Interconnection, LLC",Chicago,Monday,False
2025-06-17,GHCND:USW00094846,92.0,71.0,81.5,NOAA,2025-07-28 11:03:29.496712,2461357,"PJM Interconnection, LLC",Chicago,Tuesday,False
2025-06-18,GHCND:USW00094846,81.0,66.0,73.5,NOAA,2025-07-28 11:03:29.496712,2607098,"PJM Interconnection, LLC",Chicago,Wednesday,False
2025-06-19,GHCND:USW00094846,85.0,65.0,75.0,NOAA,2025-07-28 11:03:29.496712,2545578,"PJM Interconnection, LLC",Chicago,Thursday,False
2025-06-20,GHCND:USW00094846,86.0,69.0,77.5,NOAA,2025-07-28 11:03:29.496712,2462749,"PJM Interconnection, LLC",Chicago,Friday,False
2025-06-21,GHCND:USW00094846,94.0,78.0,86.0,NOAA,2025-07-28 11:03:29.496712,2643839,"PJM Interconnection, LLC",Chicago,Saturday,True
2025-06-22,GHCND:USW00094846,94.0,80.0,87.0,NOAA,2025-07-28 11:03:29.496712,2833348,"PJM Interconnection, LLC",Chicago,Sunday,True
2025-06-23,GHCND:USW00094846,95.0,79.0,87.0,NOAA,2025-07-28 11:03:29.496712,3243107,"PJM Interconnection, LLC",Chicago,Monday,False
2025-06-24,GHCND:USW00094846,94.0,74.0,84.0,NOAA,2025-07-28 11:03:29.496712,3262296,"PJM Interconnection, LLC",Chicago,Tuesday,False
2025-06-25,GHCND:USW00094846,89.0,71.0,80.0,NOAA,2025-07-28 11:03:29.496712,3152255,"PJM Interconnection, LLC",Chicago,Wednesday,False
2025-06-26,GHCND:USW00094846,94.0,77.0,85.5,NOAA,2025-07-28 11:03:29.496712,2986353,"PJM Interconnection, LLC",Chicago,Thursday,False
2025-05-28,GHCND:USW00012960,82.0,72.0,77.0,NOAA,2025-07-28 11:03:37.632713,1305592,"Electric Reliability Council of Texas, Inc.",Houston,Wednesday,False
2025-05-29,GHCND:USW00012960,94.0,71.0,82.5,NOAA,2025-07-28 11:03:37.632713,1395401,"Electric Reliability Council of Texas, Inc.",Houston,Thursday,False
2025-05-30,GHCND:USW00012960,89.0,75.0,82.0,NOAA,2025-07-28 11:03:37.632713,1313614,"Electric Reliability Council of Texas, Inc.",Houston,Friday,False
2025-05-31,GHCND:USW00012960,90.0,75.0,82.5,NOAA,2025-07-28 11:03:37.632713,1344164,"Electric Reliability Council of Texas, Inc.",Houston,Saturday,True
2025-06-01,GHCND:USW00012960,93.0,72.0,82.5,NOAA,2025-07-28 11:03:37.632713,1401155,"Electric Reliability Council of Texas, Inc.",Houston,Sunday,True
2025-06-02,GHCND:USW00012960,93.0,75.0,84.0,NOAA,2025-07-28 11:03:37.632713,1515859,"Electric Reliability Council of Texas, Inc.",Houston,Monday,False
2025-06-03,GHCND:USW00012960,90.0,74.0,82.0,NOAA,2025-07-28 11:03:37.632713,1503443,"Electric Reliability Council of Texas, Inc.",Houston,Tuesday,False
2025-06-04,GHCND:USW00012960,92.0,79.0,85.5,NOAA,2025-07-28 11:03:37.632713,1430566,"Electric Reliability Council of Texas, Inc.",Houston,Wednesday,False
2025-06-05,GHCND:USW00012960,94.0,76.0,85.0,NOAA,2025-07-28 11:03:37.632713,1497131,"Electric Reliability Council of Texas, Inc.",Houston,Thursday,False
2025-06-06,GHCND:USW00012960,95.0,80.0,87.5,NOAA,2025-07-28 11:03:37.632713,1560969,"Electric Reliability Council of Texas, Inc.",Houston,Friday,False
2025-06-07,GHCND:USW00012960,97.0,79.0,88.0,NOAA,2025-07-28 11:03:37.632713,1539505,"Electric Reliability Council of Texas, Inc.",Houston,Saturday,True
2025-06-08,GHCND:USW00012960,98.0,79.0,88.5,NOAA,2025-07-28 11:03:37.632713,1537993,"Electric Reliability Council of Texas, Inc.",Houston,Sunday,True
2025-06-09,GHCND:USW00012960,94.0,72.0,83.0,NOAA,2025-07-28 11:03:37.632713,1511311,"Electric Reliability Council of Texas, Inc.",Houston,Monday,False
2025-06-10,GHCND:USW00012960,93.0,77.0,85.0,NOAA,2025-07-28 11:03:37.632713,1442103,"Electric Reliability Council of Texas, Inc.",Houston,Tuesday,False
2025-06-11,GHCND:USW00012960,83.0,74.0,78.5,NOAA,2025-07-28 11:03:37.632713,1344413,"Electric Reliability Council of Texas, Inc.",Houston,Wednesday,False
2025-06-12,GHCND:USW00012960,81.0,71.0,76.0,NOAA,2025-07-28 11:03:37.632713,1324651,"Electric Reliability Council of Texas, Inc.",Houston,Thursday,False
2025-06-13,GHCND:USW00012960,92.0,73.0,82.5,NOAA,2025-07-28 11:03:37.632713,1478109,"Electric Reliability Council of Texas, Inc.",Houston,Friday,False
2025-06-14,GHCND:USW00012960,93.0,77.0,85.0,NOAA,2025-07-28 11:03:37.632713,1497221,"Electric Reliability Council of Texas, Inc.",Houston,Saturday,True
2025-06-15,GHCND:USW00012960,94.0,73.0,83.5,NOAA,2025-07-28 11:03:37.632713,1392704,"Electric Reliability Council of Texas, Inc.",Houston,Sunday,True
2025-06-16,GHCND:USW00012960,92.0,74.0,83.0,NOAA,2025-07-28 11:03:37.632713,1493099,"Electric Reliability Council of Texas, Inc.",Houston,Monday,False
2025-06-17,GHCND:USW00012960,95.0,77.0,86.0,NOAA,2025-07-28 11:03:37.632713,1561290,"Electric Reliability Council of Texas, Inc.",Houston,Tuesday,False
2025-06-18,GHCND:USW00012960,95.0,79.0,87.0,NOAA,2025-07-28 11:03:37.632713,1578528,"Electric Reliability Council of Texas, Inc.",Houston,Wednesday,False
2025-06-19,GHCND:USW00012960,95.0,79.0,87.0,NOAA,2025-07-28 11:03:37.632713,1597362,"Electric Reliability Council of Texas, Inc.",Houston,Thursday,False
2025-06-20,GHCND:USW00012960,96.0,79.0,87.5,NOAA,2025-07-28 11:03:37.632713,1609234,"Electric Reliability Council of Texas, Inc.",Houston,Friday,False
2025-06-21,GHCND:USW00012960,96.0,81.0,88.5,NOAA,2025-07-28 11:03:37.632713,1548247,"Electric Reliability Council of Texas, Inc.",Houston,Saturday,True
2025-06-22,GHCND:USW00012960,94.0,78.0,86.0,NOAA,2025-07-28 11:03:37.632713,1537877,"Electric Reliability Council of Texas, Inc.",Houston,Sunday,True
2025-06-23,GHCND:USW00012960,94.0,78.0,86.0,NOAA,2025-07-28 11:03:37.632713,1584468,"Electric Reliability Council of Texas, Inc.",Houston,Monday,False
2025-06-24,GHCND:USW00012960,96.0,77.0,86.5,NOAA,2025-07-28 11:03:37.632713,1557320,"Electric Reliability Council of Texas, Inc.",Houston,Tuesday,False
2025-06-25,GHCND:USW00012960,89.0,76.0,82.5,NOAA,2025-07-28 11:03:37.632713,1498039,"Electric Reliability Council of Texas, Inc.",Houston,Wednesday,False
2025-06-26,GHCND:USW00012960,95.0,76.0,85.5,NOAA,2025-07-28 11:03:37.632713,1516407,"Electric Reliability Council of Texas, Inc.",Houston,Thursday,False
2025-05-28,GHCND:USW00023183,103.0,74.0,88.5,NOAA,2025-07-28 11:03:46.029202,107031,Arizona Public Service Company,Phoenix,Wednesday,False
2025-05-29,GHCND:USW00023183,101.0,79.0,90.0,NOAA,2025-07-28 11:03:46.029202,104830,Arizona Public Service Company,Phoenix,Thursday,False
2025-05-30,GHCND:USW00023183,104.0,73.0,88.5,NOAA,2025-07-28 11:03:46.029202,110731,Arizona Public Service Company,Phoenix,Friday,False
2025-05-31,GHCND:USW00023183,102.0,82.0,92.0,NOAA,2025-07-28 11:03:46.029202,116771,Arizona Public Service Company,Phoenix,Saturday,True
2025-06-01,GHCND:USW00023183,91.0,69.0,80.0,NOAA,2025-07-28 11:03:46.029202,103800,Arizona Public Service Company,Phoenix,Sunday,True
2025-06-02,GHCND:USW00023183,89.0,67.0,78.0,NOAA,2025-07-28 11:03:46.029202,96907,Arizona Public Service Company,Phoenix,Monday,False
2025-06-03,GHCND:USW00023183,97.0,78.0,87.5,NOAA,2025-07-28 11:03:46.029202,109967,Arizona Public Service Company,Phoenix,Tuesday,False
2025-06-04,GHCND:USW00023183,95.0,75.0,85.0,NOAA,2025-07-28 11:03:46.029202,110125,Arizona Public Service Company,Phoenix,Wednesday,False
2025-06-05,GHCND:USW00023183,101.0,78.0,89.5,NOAA,2025-07-28 11:03:46.029202,111256,Arizona Public Service Company,Phoenix,Thursday,False
2025-06-06,GHCND:USW00023183,104.0,80.0,92.0,NOAA,2025-07-28 11:03:46.029202,115655,Arizona Public Service Company,Phoenix,Friday,False
2025-06-07,GHCND:USW00023183,104.0,80.0,92.0,NOAA,2025-07-28 11:03:46.029202,110629,Arizona Public Service Company,Phoenix,Saturday,True
2025-06-08,GHCND:USW00023183,107.0,79.0,93.0,NOAA,2025-07-28 11:03:46.029202,109708,Arizona Public Service Company,Phoenix,Sunday,True
2025-06-09,GHCND:USW00023183,109.0,80.0,94.5,NOAA,2025-07-28 11:03:46.029202,122465,Arizona Public Service Company,Phoenix,Monday,False
2025-06-10,GHCND:USW00023183,108.0,81.0,94.5,NOAA,2025-07-28 11:03:46.029202,124510,Arizona Public Service Company,Phoenix,Tuesday,False
2025-06-11,GHCND:USW00023183,108.0,83.0,95.5,NOAA,2025-07-28 11:03:46.029202,124732,Arizona Public Service Company,Phoenix,Wednesday,False
2025-06-12,GHCND:USW00023183,108.0,84.0,96.0,NOAA,2025-07-28 11:03:46.029202,122683,Arizona Public Service Company,Phoenix,Thursday,False
2025-06-13,GHCND:USW00023183,108.0,82.0,95.0,NOAA,2025-07-28 11:03:46.029202,119912,Arizona Public Service Company,Phoenix,Friday,False
2025-06-14,GHCND:USW00023183,110.0,82.0,96.0,NOAA,2025-07-28 11:03:46.029202,122880,Arizona Public Service Company,Phoenix,Saturday,True
2025-06-15,GHCND:USW00023183,114.0,81.0,97.5,NOAA,2025-07-28 11:03:46.029202,129004,Arizona Public Service Company,Phoenix,Sunday,True
2025-06-16,GHCND:USW00023183,114.0,83.0,98.5,NOAA,2025-07-28 11:03:46.029202,137265,Arizona Public Service Company,Phoenix,Monday,False
2025-06-17,GHCND:USW00023183,110.0,86.0,98.0,NOAA,2025-07-28 11:03:46.029202,139193,Arizona Public Service Company,Phoenix,Tuesday,False
2025-06-18,GHCND:USW00023183,114.0,83.0,98.5,NOAA,2025-07-28 11:03:46.029202,141064,Arizona Public Service Company,Phoenix,Wednesday,False
2025-06-19,GHCND:USW00023183,117.0,85.0,101.0,NOAA,2025-07-28 11:03:46.029202,140832,Arizona Public Service Company,Phoenix,Thursday,False
2025-06-20,GHCND:USW00023183,110.0,84.0,97.0,NOAA,2025-07-28 11:03:46.029202,128192,Arizona Public Service Company,Phoenix,Friday,False
2025-06-21,GHCND:USW00023183,106.0,82.0,94.0,NOAA,2025-07-28 11:03:46.029202,121415,Arizona Public Service Company,Phoenix,Saturday,True
2025-06-22,GHCND:USW00023183,99.0,79.0,89.0,NOAA,2025-07-28 11:03:46.029202,113776,Arizona Public Service Company,Phoenix,Sunday,True
2025-06-23,GHCND:USW00023183,104.0,80.0,92.0,NOAA,2025-07-28 11:03:46.029202,120139,Arizona Public Service Company,Phoenix,Monday,False
2025-06-24,GHCND:USW00023183,105.0,81.0,93.0,NOAA,2025-07-28 11:03:46.029202,118570,Arizona Public Service Company,Phoenix,Tuesday,False
2025-06-25,GHCND:USW00023183,103.0,79.0,91.0,NOAA,2025-07-28 11:03:46.029202,118921,Arizona Public Service Company,Phoenix,Wednesday,False
2025-06-26,GHCND:USW00023183,105.0,81.0,93.0,NOAA,2025-07-28 11:03:46.029202,126343,Arizona Public Service Company,Phoenix,Thursday,False
2025-05-28,GHCND:USW00024233,81.0,54.0,67.5,NOAA,2025-07-28 11:03:52.419629,22950,Seattle City Light,Seattle,Wednesday,False
2025-05-29,GHCND:USW00024233,69.0,54.0,61.5,NOAA,2025-07-28 11:03:52.419629,21891,Seattle City Light,Seattle,Thursday,False
2025-05-30,GHCND:USW00024233,77.0,50.0,63.5,NOAA,2025-07-28 11:03:52.419629,22635,Seattle City Light,Seattle,Friday,False
2025-05-31,GHCND:USW00024233,64.0,52.0,58.0,NOAA,2025-07-28 11:03:52.419629,20730,Seattle City Light,Seattle,Saturday,True
2025-06-01,GHCND:USW00024233,67.0,47.0,57.0,NOAA,2025-07-28 11:03:52.419629,20979,Seattle City Light,Seattle,Sunday,True
2025-06-02,GHCND:USW00024233,71.0,48.0,59.5,NOAA,2025-07-28 11:03:52.419629,23242,Seattle City Light,Seattle,Monday,False
2025-06-03,GHCND:USW00024233,74.0,51.0,62.5,NOAA,2025-07-28 11:03:52.419629,23381,Seattle City Light,Seattle,Tuesday,False
2025-06-04,GHCND:USW00024233,67.0,54.0,60.5,NOAA,2025-07-28 11:03:52.419629,22096,Seattle City Light,Seattle,Wednesday,False
2025-06-05,GHCND:USW00024233,77.0,51.0,64.0,NOAA,2025-07-28 11:03:52.419629,22318,Seattle City Light,Seattle,Thursday,False
2025-06-06,GHCND:USW00024233,79.0,57.0,68.0,NOAA,2025-07-28 11:03:52.419629,23585,Seattle City Light,Seattle,Friday,False
2025-06-07,GHCND:USW00024233,81.0,55.0,68.0,NOAA,2025-07-28 11:03:52.419629,22832,Seattle City Light,Seattle,Saturday,True
2025-06-08,GHCND:USW00024233,90.0,61.0,75.5,NOAA,2025-07-28 11:03:52.419629,24222,Seattle City Light,Seattle,Sunday,True
2025-06-09,GHCND:USW00024233,87.0,61.0,74.0,NOAA,2025-07-28 11:03:52.419629,26694,Seattle City Light,Seattle,Monday,False
2025-06-10,GHCND:USW00024233,81.0,53.0,67.0,NOAA,2025-07-28 11:03:52.419629,25534,Seattle City Light,Seattle,Tuesday,False
2025-06-11,GHCND:USW00024233,69.0,51.0,60.0,NOAA,2025-07-28 11:03:52.419629,22494,Seattle City Light,Seattle,Wednesday,False
2025-06-12,GHCND:USW00024233,66.0,51.0,58.5,NOAA,2025-07-28 11:03:52.419629,21642,Seattle City Light,Seattle,Thursday,False
2025-06-13,GHCND:USW00024233,64.0,50.0,57.0,NOAA,2025-07-28 11:03:52.419629,22242,Seattle City Light,Seattle,Friday,False
2025-06-14,GHCND:USW00024233,68.0,49.0,58.5,NOAA,2025-07-28 11:03:52.419629,21223,Seattle City Light,Seattle,Saturday,True
2025-06-15,GHCND:USW00024233,71.0,52.0,61.5,NOAA,2025-07-28 11:03:52.419629,21207,Seattle City Light,Seattle,Sunday,True
2025-06-16,GHCND:USW00024233,74.0,50.0,62.0,NOAA,2025-07-28 11:03:52.419629,23222,Seattle City Light,Seattle,Monday,False
2025-06-17,GHCND:USW00024233,73.0,50.0,61.5,NOAA,2025-07-28 11:03:52.419629,23302,Seattle City Light,Seattle,Tuesday,False
2025-06-18,GHCND:USW00024233,69.0,55.0,62.0,NOAA,2025-07-28 11:03:52.419629,23008,Seattle City Light,Seattle,Wednesday,False
2025-06-19,GHCND:USW00024233,69.0,50.0,59.5,NOAA,2025-07-28 11:03:52.419629,21269,Seattle City Light,Seattle,Thursday,False
2025-06-20,GHCND:USW00024233,63.0,51.0,57.0,NOAA,2025-07-28 11:03:52.419629,22002,Seattle City Light,Seattle,Friday,False
2025-06-21,GHCND:USW00024233,58.0,50.0,54.0,NOAA,2025-07-28 11:03:52.419629,21622,Seattle City Light,Seattle,Saturday,True
2025-06-22,GHCND:USW00024233,68.0,53.0,60.5,NOAA,2025-07-28 11:03:52.419629,21415,Seattle City Light,Seattle,Sunday,True
2025-06-23,GHCND:USW00024233,77.0,53.0,65.0,NOAA,2025-07-28 11:03:52.419629,23444,Seattle City Light,Seattle,Monday,False
2025-06-24,GHCND:USW00024233,80.0,54.0,67.0,NOAA,2025-07-28 11:03:52.419629,23754,Seattle City Light,Seattle,Tuesday,False
2025-06-25,GHCND:USW00024233,71.0,54.0,62.5,NOAA,2025-07-28 11:03:52.419629,21976,Seattle City Light,Seattle,Wednesday,False
2025-06-26,GHCND:USW00024233,66.0,55.0,60.5,NOAA,2025-07-28 11:03:52.419629,21618,Seattle City Light,Seattle,Thursday,False
2025-06-27,GHCND:USW00094728,72.0,62.0,67.0,NOAA,2025-07-28 11:03:59.140958,423031,New York Independent System Operator,New York,Friday,False
2025-06-28,GHCND:USW00094728,83.0,63.0,73.0,NOAA,2025-07-28 11:03:59.140958,444680,New York Independent System Operator,New York,Saturday,True
2025-06-29,GHCND:USW00094728,89.0,77.0,83.0,NOAA,2025-07-28 11:03:59.140958,479722,New York Independent System Operator,New York,Sunday,True
2025-06-30,GHCND:USW00094728,90.0,71.0,80.5,NOAA,2025-07-28 11:03:59.140958,536985,New York Independent System Operator,New York,Monday,False
2025-07-01,GHCND:USW00094728,89.0,72.0,80.5,NOAA,2025-07-28 11:03:59.140958,550254,New York Independent System Operator,New York,Tuesday,False
2025-07-02,GHCND:USW00094728,84.0,71.0,77.5,NOAA,2025-07-28 11:03:59.140958,509100,New York Independent System Operator,New York,Wednesday,False
2025-07-03,GHCND:USW00094728,88.0,69.0,78.5,NOAA,2025-07-28 11:03:59.140958,488481,New York Independent System Operator,New York,Thursday,False
2025-07-04,GHCND:USW00094728,83.0,67.0,75.0,NOAA,2025-07-28 11:03:59.140958,411270,New York Independent System Operator,New York,Friday,False
2025-07-05,GHCND:USW00094728,84.0,68.0,76.0,NOAA,2025-07-28 11:03:59.140958,445794,New York Independent System Operator,New York,Saturday,True
2025-07-06,GHCND:USW00094728,87.0,72.0,79.5,NOAA,2025-07-28 11:03:59.140958,506101,New York Independent System Operator,New York,Sunday,True
2025-07-07,GHCND:USW00094728,87.0,76.0,81.5,NOAA,2025-07-28 11:03:59.140958,566605,New York Independent System Operator,New York,Monday,False
2025-07-08,GHCND:USW00094728,93.0,73.0,83.0,NOAA,2025-07-28 11:03:59.140958,572908,New York Independent System Operator,New York,Tuesday,False
2025-07-09,GHCND:USW00094728,90.0,73.0,81.5,NOAA,2025-07-28 11:03:59.140958,557217,New York Independent System Operator,New York,Wednesday,False
2025-07-10,GHCND:USW00094728,84.0,70.0,77.0,NOAA,2025-07-28 11:03:59.140958,527963,New York Independent System Operator,New York,Thursday,False
2025-07-11,GHCND:USW00094728,84.0,73.0,78.5,NOAA,2025-07-28 11:03:59.140958,535035,New York Independent System Operator,New York,Friday,False
2025-07-12,GHCND:USW00094728,83.0,74.0,78.5,NOAA,2025-07-28 11:03:59.140958,514307,New York Independent System Operator,New York,Saturday,True
2025-07-13,GHCND:USW00094728,83.0,71.0,77.0,NOAA,2025-07-28 11:03:59.140958,511525,New York Independent System Operator,New York,Sunday,True
2025-07-14,GHCND:USW00094728,85.0,73.0,79.0,NOAA,2025-07-28 11:03:59.140958,553017,New York Independent System Operator,New York,Monday,False
2025-07-15,GHCND:USW00094728,86.0,72.0,79.0,NOAA,2025-07-28 11:03:59.140958,556763,New York Independent System Operator,New York,Tuesday,False
2025-07-16,GHCND:USW00094728,87.0,77.0,82.0,NOAA,2025-07-28 11:03:59.140958,592140,New York Independent System Operator,New York,Wednesday,False
2025-07-17,GHCND:USW00094728,90.0,75.0,82.5,NOAA,2025-07-28 11:03:59.140958,589724,New York Independent System Operator,New York,Thursday,False
2025-07-18,GHCND:USW00094728,82.0,73.0,77.5,NOAA,2025-07-28 11:03:59.140958,482873,New York Independent System Operator,New York,Friday,False
2025-07-19,GHCND:USW00094728,81.0,69.0,75.0,NOAA,2025-07-28 11:03:59.140958,458594,New York Independent System Operator,New York,Saturday,True
2025-07-20,GHCND:USW00094728,88.0,75.0,81.5,NOAA,2025-07-28 11:03:59.140958,509431,New York Independent System Operator,New York,Sunday,True
2025-07-21,GHCND:USW00094728,85.0,71.0,78.0,NOAA,2025-07-28 11:03:59.140958,487180,New York Independent System Operator,New York,Monday,False
2025-07-22,GHCND:USW00094728,81.0,67.0,74.0,NOAA,2025-07-28 11:03:59.140958,441587,New York Independent System Operator,New York,Tuesday,False
2025-07-23,GHCND:USW00094728,80.0,69.0,74.5,NOAA,2025-07-28 11:03:59.140958,470924,New York Independent System Operator,New York,Wednesday,False
2025-07-24,GHCND:USW00094728,87.0,70.0,78.5,NOAA,2025-07-28 11:03:59.140958,532796,New York Independent System Operator,New York,Thursday,False
2025-07-25,GHCND:USW00094728,95.0,76.0,85.5,NOAA,2025-07-28 11:03:59.140958,575801,New York Independent System Operator,New York,Friday,False
2025-07-26,,,,,,,496179,New York Independent System Operator,New York,Saturday,True
2025-06-27,GHCND:USW00094846,87.0,72.0,79.5,NOAA,2025-07-28 11:04:07.052487,2616586,"PJM Interconnection, LLC",Chicago,Friday,False
2025-06-28,GHCND:USW00094846,90.0,68.0,79.0,NOAA,2025-07-28 11:04:07.052487,2574268,"PJM Interconnection, LLC",Chicago,Saturday,True
2025-06-29,GHCND:USW00094846,94.0,73.0,83.5,NOAA,2025-07-28 11:04:07.052487,2731608,"PJM Interconnection, LLC",Chicago,Sunday,True
2025-06-30,GHCND:USW00094846,90.0,74.0,82.0,NOAA,2025-07-28 11:04:07.052487,2891947,"PJM Interconnection, LLC",Chicago,Monday,False
2025-07-01,GHCND:USW00094846,87.0,70.0,78.5,NOAA,2025-07-28 11:04:07.052487,2788097,"PJM Interconnection, LLC",Chicago,Tuesday,False
2025-07-02,GHCND:USW00094846,91.0,71.0,81.0,NOAA,2025-07-28 11:04:07.052487,2696571,"PJM Interconnection, LLC",Chicago,Wednesday,False
2025-07-03,GHCND:USW00094846,95.0,72.0,83.5,NOAA,2025-07-28 11:04:07.052487,2737478,"PJM Interconnection, LLC",Chicago,Thursday,False
2025-07-04,GHCND:USW00094846,92.0,74.0,83.0,NOAA,2025-07-28 11:04:07.052487,2459314,"PJM Interconnection, LLC",Chicago,Friday,False
2025-07-05,GHCND:USW00094846,94.0,76.0,85.0,NOAA,2025-07-28 11:04:07.052487,2566129,"PJM Interconnection, LLC",Chicago,Saturday,True
2025-07-06,GHCND:USW00094846,85.0,66.0,75.5,NOAA,2025-07-28 11:04:07.052487,2667278,"PJM Interconnection, LLC",Chicago,Sunday,True
2025-07-07,GHCND:USW00094846,83.0,65.0,74.0,NOAA,2025-07-28 11:04:07.052487,2876563,"PJM Interconnection, LLC",Chicago,Monday,False
2025-07-08,GHCND:USW00094846,84.0,69.0,76.5,NOAA,2025-07-28 11:04:07.052487,2889037,"PJM Interconnection, LLC",Chicago,Tuesday,False
2025-07-09,GHCND:USW00094846,85.0,69.0,77.0,NOAA,2025-07-28 11:04:07.052487,2801956,"PJM Interconnection, LLC",Chicago,Wednesday,False
2025-07-10,GHCND:USW00094846,85.0,67.0,76.0,NOAA,2025-07-28 11:04:07.052487,2734933,"PJM Interconnection, LLC",Chicago,Thursday,False
2025-07-11,GHCND:USW00094846,90.0,70.0,80.0,NOAA,2025-07-28 11:04:07.052487,2870812,"PJM Interconnection, LLC",Chicago,Friday,False
2025-07-12,GHCND:USW00094846,84.0,69.0,76.5,NOAA,2025-07-28 11:04:07.052487,2747174,"PJM Interconnection, LLC",Chicago,Saturday,True
2025-07-13,GHCND:USW00094846,81.0,67.0,74.0,NOAA,2025-07-28 11:04:07.052487,2671369,"PJM Interconnection, LLC",Chicago,Sunday,True
2025-07-14,GHCND:USW00094846,87.0,66.0,76.5,NOAA,2025-07-28 11:04:07.052487,2836449,"PJM Interconnection, LLC",Chicago,Monday,False
2025-07-15,GHCND:USW00094846,91.0,70.0,80.5,NOAA,2025-07-28 11:04:07.052487,2885264,"PJM Interconnection, LLC",Chicago,Tuesday,False
2025-07-16,GHCND:USW00094846,90.0,70.0,80.0,NOAA,2025-07-28 11:04:07.052487,2952010,"PJM Interconnection, LLC",Chicago,Wednesday,False
2025-07-17,GHCND:USW00094846,72.0,58.0,65.0,NOAA,2025-07-28 11:04:07.052487,2915057,"PJM Interconnection, LLC",Chicago,Thursday,False
2025-07-18,GHCND:USW00094846,80.0,58.0,69.0,NOAA,2025-07-28 11:04:07.052487,2669046,"PJM Interconnection, LLC",Chicago,Friday,False
2025-07-19,GHCND:USW00094846,83.0,73.0,78.0,NOAA,2025-07-28 11:04:07.052487,2550428,"PJM Interconnection, LLC",Chicago,Saturday,True
2025-07-20,GHCND:USW00094846,75.0,66.0,70.5,NOAA,2025-07-28 11:04:07.052487,2603364,"PJM Interconnection, LLC",Chicago,Sunday,True
2025-07-21,GHCND:USW00094846,82.0,63.0,72.5,NOAA,2025-07-28 11:04:07.052487,2663206,"PJM Interconnection, LLC",Chicago,Monday,False
2025-07-22,GHCND:USW00094846,86.0,69.0,77.5,NOAA,2025-07-28 11:04:07.052487,2602759,"PJM Interconnection, LLC",Chicago,Tuesday,False
2025-07-23,GHCND:USW00094846,94.0,72.0,83.0,NOAA,2025-07-28 11:04:07.052487,2755589,"PJM Interconnection, LLC",Chicago,Wednesday,False
2025-07-24,GHCND:USW00094846,92.0,74.0,83.0,NOAA,2025-07-28 11:04:07.052487,2931172,"PJM Interconnection, LLC",Chicago,Thursday,False
2025-07-25,GHCND:USW00094846,83.0,73.0,78.0,NOAA,2025-07-28 11:04:07.052487,2989047,"PJM Interconnection, LLC",Chicago,Friday,False
2025-07-26,,,,,,,2782199,"PJM Interconnection, LLC",Chicago,Saturday,True
2025-06-27,GHCND:USW00012960,94.0,75.0,84.5,NOAA,2025-07-28 11:04:13.616039,1541160,"Electric Reliability Council of Texas, Inc.",Houston,Friday,False
2025-06-28,GHCND:USW00012960,95.0,75.0,85.0,NOAA,2025-07-28 11:04:13.616039,1551228,"Electric Reliability Council of Texas, Inc.",Houston,Saturday,True
2025-06-29,GHCND:USW00012960,93.0,76.0,84.5,NOAA,2025-07-28 11:04:13.616039,1510724,"Electric Reliability Council of Texas, Inc.",Houston,Sunday,True
2025-06-30,GHCND:USW00012960,94.0,74.0,84.0,NOAA,2025-07-28 11:04:13.616039,1518885,"Electric Reliability Council of Texas, Inc.",Houston,Monday,False
2025-07-01,GHCND:USW00012960,97.0,75.0,86.0,NOAA,2025-07-28 11:04:13.616039,1492168,"Electric Reliability Council of Texas, Inc.",Houston,Tuesday,False
2025-07-02,GHCND:USW00012960,96.0,77.0,86.5,NOAA,2025-07-28 11:04:13.616039,1513665,"Electric Reliability Council of Texas, Inc.",Houston,Wednesday,False
2025-07-03,GHCND:USW00012960,94.0,75.0,84.5,NOAA,2025-07-28 11:04:13.616039,1436638,"Electric Reliability Council of Texas, Inc.",Houston,Thursday,False
2025-07-04,GHCND:USW00012960,91.0,75.0,83.0,NOAA,2025-07-28 11:04:13.616039,1393075,"Electric Reliability Council of Texas, Inc.",Houston,Friday,False
2025-07-05,GHCND:USW00012960,94.0,78.0,86.0,NOAA,2025-07-28 11:04:13.616039,1378682,"Electric Reliability Council of Texas, Inc.",Houston,Saturday,True
2025-07-06,GHCND:USW00012960,96.0,76.0,86.0,NOAA,2025-07-28 11:04:13.616039,1409726,"Electric Reliability Council of Texas, Inc.",Houston,Sunday,True
2025-07-07,GHCND:USW00012960,95.0,78.0,86.5,NOAA,2025-07-28 11:04:13.616039,1505984,"Electric Reliability Council of Texas, Inc.",Houston,Monday,False
2025-07-08,GHCND:USW00012960,91.0,73.0,82.0,NOAA,2025-07-28 11:04:13.616039,1484849,"Electric Reliability Council of Texas, Inc.",Houston,Tuesday,False
2025-07-09,GHCND:USW00012960,91.0,73.0,82.0,NOAA,2025-07-28 11:04:13.616039,1471587,"Electric Reliability Council of Texas, Inc.",Houston,Wednesday,False
2025-07-10,GHCND:USW00012960,95.0,78.0,86.5,NOAA,2025-07-28 11:04:13.616039,1534068,"Electric Reliability Council of Texas, Inc.",Houston,Thursday,False
2025-07-11,GHCND:USW00012960,93.0,79.0,86.0,NOAA,2025-07-28 11:04:13.616039,1542283,"Electric Reliability Council of Texas, Inc.",Houston,Friday,False
2025-07-12,GHCND:USW00012960,95.0,79.0,87.0,NOAA,2025-07-28 11:04:13.616039,1493102,"Electric Reliability Council of Texas, Inc.",Houston,Saturday,True
2025-07-13,GHCND:USW00012960,95.0,76.0,85.5,NOAA,2025-07-28 11:04:13.616039,1424677,"Electric Reliability Council of Texas, Inc.",Houston,Sunday,True
2025-07-14,GHCND:USW00012960,92.0,74.0,83.0,NOAA,2025-07-28 11:04:13.616039,1510140,"Electric Reliability Council of Texas, Inc.",Houston,Monday,False
2025-07-15,GHCND:USW00012960,95.0,76.0,85.5,NOAA,2025-07-28 11:04:13.616039,1575662,"Electric Reliability Council of Texas, Inc.",Houston,Tuesday,False
2025-07-16,GHCND:USW00012960,97.0,79.0,88.0,NOAA,2025-07-28 11:04:13.616039,1597302,"Electric Reliability Council of Texas, Inc.",Houston,Wednesday,False
2025-07-17,GHCND:USW00012960,92.0,75.0,83.5,NOAA,2025-07-28 11:04:13.616039,1572318,"Electric Reliability Council of Texas, Inc.",Houston,Thursday,False
2025-07-18,GHCND:USW00012960,94.0,79.0,86.5,NOAA,2025-07-28 11:04:13.616039,1572266,"Electric Reliability Council of Texas, Inc.",Houston,Friday,False
2025-07-19,GHCND:USW00012960,96.0,78.0,87.0,NOAA,2025-07-28 11:04:13.616039,1578050,"Electric Reliability Council of Texas, Inc.",Houston,Saturday,True
2025-07-20,GHCND:USW00012960,97.0,79.0,88.0,NOAA,2025-07-28 11:04:13.616039,1574575,"Electric Reliability Council of Texas, Inc.",Houston,Sunday,True
2025-07-21,GHCND:USW00012960,98.0,80.0,89.0,NOAA,2025-07-28 11:04:13.616039,1629948,"Electric Reliability Council of Texas, Inc.",Houston,Monday,False
2025-07-22,GHCND:USW00012960,100.0,77.0,88.5,NOAA,2025-07-28 11:04:13.616039,1633215,"Electric Reliability Council of Texas, Inc.",Houston,Tuesday,False
2025-07-23,GHCND:USW00012960,99.0,76.0,87.5,NOAA,2025-07-28 11:04:13.616039,1646012,"Electric Reliability Council of Texas, Inc.",Houston,Wednesday,False
2025-07-24,GHCND:USW00012960,99.0,80.0,89.5,NOAA,2025-07-28 11:04:13.616039,1660157,"Electric Reliability Council of Texas, Inc.",Houston,Thursday,False
2025-07-25,GHCND:USW00012960,92.0,78.0,85.0,NOAA,2025-07-28 11:04:13.616039,1580924,"Electric Reliability Council of Texas, Inc.",Houston,Friday,False
2025-07-26,,,,,,,1547066,"Electric Reliability Council of Texas, Inc.",Houston,Saturday,True
2025-06-27,GHCND:USW00023183,107.0,82.0,94.5,NOAA,2025-07-28 11:04:20.154660,133774,Arizona Public Service Company,Phoenix,Friday,False
2025-06-28,GHCND:USW00023183,109.0,87.0,98.0,NOAA,2025-07-28 11:04:20.154660,137126,Arizona Public Service Company,Phoenix,Saturday,True
2025-06-29,GHCND:USW00023183,114.0,87.0,100.5,NOAA,2025-07-28 11:04:20.154660,144180,Arizona Public Service Company,Phoenix,Sunday,True
2025-06-30,GHCND:USW00023183,116.0,90.0,103.0,NOAA,2025-07-28 11:04:20.154660,153236,Arizona Public Service Company,Phoenix,Monday,False
2025-07-01,GHCND:USW00023183,112.0,93.0,102.5,NOAA,2025-07-28 11:04:20.154660,155783,Arizona Public Service Company,Phoenix,Tuesday,False
2025-07-02,GHCND:USW00023183,109.0,78.0,93.5,NOAA,2025-07-28 11:04:20.154660,144476,Arizona Public Service Company,Phoenix,Wednesday,False
2025-07-03,GHCND:USW00023183,102.0,78.0,90.0,NOAA,2025-07-28 11:04:20.154660,126956,Arizona Public Service Company,Phoenix,Thursday,False
2025-07-04,GHCND:USW00023183,103.0,82.0,92.5,NOAA,2025-07-28 11:04:20.154660,123912,Arizona Public Service Company,Phoenix,Friday,False
2025-07-05,GHCND:USW00023183,107.0,86.0,96.5,NOAA,2025-07-28 11:04:20.154660,130207,Arizona Public Service Company,Phoenix,Saturday,True
2025-07-06,GHCND:USW00023183,110.0,86.0,98.0,NOAA,2025-07-28 11:04:20.154660,136565,Arizona Public Service Company,Phoenix,Sunday,True
2025-07-07,GHCND:USW00023183,111.0,91.0,101.0,NOAA,2025-07-28 11:04:20.154660,147015,Arizona Public Service Company,Phoenix,Monday,False
2025-07-08,GHCND:USW00023183,112.0,92.0,102.0,NOAA,2025-07-28 11:04:20.154660,153892,Arizona Public Service Company,Phoenix,Tuesday,False
2025-07-09,GHCND:USW00023183,118.0,93.0,105.5,NOAA,2025-07-28 11:04:20.154660,160374,Arizona Public Service Company,Phoenix,Wednesday,False
2025-07-10,GHCND:USW00023183,113.0,95.0,104.0,NOAA,2025-07-28 11:04:20.154660,157730,Arizona Public Service Company,Phoenix,Thursday,False
2025-07-11,GHCND:USW00023183,111.0,90.0,100.5,NOAA,2025-07-28 11:04:20.154660,154112,Arizona Public Service Company,Phoenix,Friday,False
2025-07-12,GHCND:USW00023183,108.0,88.0,98.0,NOAA,2025-07-28 11:04:20.154660,143389,Arizona Public Service Company,Phoenix,Saturday,True
2025-07-13,GHCND:USW00023183,108.0,90.0,99.0,NOAA,2025-07-28 11:04:20.154660,138591,Arizona Public Service Company,Phoenix,Sunday,True
2025-07-14,GHCND:USW00023183,107.0,90.0,98.5,NOAA,2025-07-28 11:04:20.154660,144670,Arizona Public Service Company,Phoenix,Monday,False
2025-07-15,GHCND:USW00023183,107.0,86.0,96.5,NOAA,2025-07-28 11:04:20.154660,145208,Arizona Public Service Company,Phoenix,Tuesday,False
2025-07-16,GHCND:USW00023183,97.0,83.0,90.0,NOAA,2025-07-28 11:04:20.154660,134198,Arizona Public Service Company,Phoenix,Wednesday,False
2025-07-17,GHCND:USW00023183,101.0,80.0,90.5,NOAA,2025-07-28 11:04:20.154660,139812,Arizona Public Service Company,Phoenix,Thursday,False
2025-07-18,GHCND:USW00023183,108.0,88.0,98.0,NOAA,2025-07-28 11:04:20.154660,141754,Arizona Public Service Company,Phoenix,Friday,False
2025-07-19,GHCND:USW00023183,107.0,87.0,97.0,NOAA,2025-07-28 11:04:20.154660,136060,Arizona Public Service Company,Phoenix,Saturday,True
2025-07-20,GHCND:USW00023183,97.0,90.0,93.5,NOAA,2025-07-28 11:04:20.154660,119357,Arizona Public Service Company,Phoenix,Sunday,True
2025-07-21,GHCND:USW00023183,104.0,85.0,94.5,NOAA,2025-07-28 11:04:20.154660,129581,Arizona Public Service Company,Phoenix,Monday,False
2025-07-22,GHCND:USW00023183,102.0,84.0,93.0,NOAA,2025-07-28 11:04:20.154660,134119,Arizona Public Service Company,Phoenix,Tuesday,False
2025-07-23,GHCND:USW00023183,104.0,85.0,94.5,NOAA,2025-07-28 11:04:20.154660,128556,Arizona Public Service Company,Phoenix,Wednesday,False
2025-07-24,GHCND:USW00023183,106.0,80.0,93.0,NOAA,2025-07-28 11:04:20.154660,127770,Arizona Public Service Company,Phoenix,Thursday,False
2025-07-25,GHCND:USW00023183,109.0,80.0,94.5,NOAA,2025-07-28 11:04:20.154660,125514,Arizona Public Service Company,Phoenix,Friday,False
2025-07-26,,,,,,,120378,Arizona Public Service Company,Phoenix,Saturday,True
2025-06-27,GHCND:USW00024233,69.0,55.0,62.0,NOAA,2025-07-28 11:04:25.500062,22272,Seattle City Light,Seattle,Friday,False
2025-06-28,GHCND:USW00024233,75.0,55.0,65.0,NOAA,2025-07-28 11:04:25.500062,21565,Seattle City Light,Seattle,Saturday,True
2025-06-29,GHCND:USW00024233,80.0,55.0,67.5,NOAA,2025-07-28 11:04:25.500062,22143,Seattle City Light,Seattle,Sunday,True
2025-06-30,GHCND:USW00024233,87.0,60.0,73.5,NOAA,2025-07-28 11:04:25.500062,25683,Seattle City Light,Seattle,Monday,False
2025-07-01,GHCND:USW00024233,87.0,58.0,72.5,NOAA,2025-07-28 11:04:25.500062,25664,Seattle City Light,Seattle,Tuesday,False
2025-07-02,GHCND:USW00024233,75.0,54.0,64.5,NOAA,2025-07-28 11:04:25.500062,23727,Seattle City Light,Seattle,Wednesday,False
2025-07-03,GHCND:USW00024233,69.0,53.0,61.0,NOAA,2025-07-28 11:04:25.500062,21534,Seattle City Light,Seattle,Thursday,False
2025-07-04,GHCND:USW00024233,74.0,55.0,64.5,NOAA,2025-07-28 11:04:25.500062,20871,Seattle City Light,Seattle,Friday,False
2025-07-05,GHCND:USW00024233,75.0,53.0,64.0,NOAA,2025-07-28 11:04:25.500062,21301,Seattle City Light,Seattle,Saturday,True
2025-07-06,GHCND:USW00024233,79.0,57.0,68.0,NOAA,2025-07-28 11:04:25.500062,21980,Seattle City Light,Seattle,Sunday,True
2025-07-07,GHCND:USW00024233,85.0,58.0,71.5,NOAA,2025-07-28 11:04:25.500062,25144,Seattle City Light,Seattle,Monday,False
2025-07-08,GHCND:USW00024233,85.0,58.0,71.5,NOAA,2025-07-28 11:04:25.500062,25706,Seattle City Light,Seattle,Tuesday,False
2025-07-09,GHCND:USW00024233,72.0,59.0,65.5,NOAA,2025-07-28 11:04:25.500062,23118,Seattle City Light,Seattle,Wednesday,False
2025-07-10,GHCND:USW00024233,73.0,57.0,65.0,NOAA,2025-07-28 11:04:25.500062,22212,Seattle City Light,Seattle,Thursday,False
2025-07-11,GHCND:USW00024233,84.0,59.0,71.5,NOAA,2025-07-28 11:04:25.500062,23941,Seattle City Light,Seattle,Friday,False
2025-07-12,GHCND:USW00024233,83.0,64.0,73.5,NOAA,2025-07-28 11:04:25.500062,24080,Seattle City Light,Seattle,Saturday,True
2025-07-13,GHCND:USW00024233,90.0,64.0,77.0,NOAA,2025-07-28 11:04:25.500062,24864,Seattle City Light,Seattle,Sunday,True
2025-07-14,GHCND:USW00024233,78.0,62.0,70.0,NOAA,2025-07-28 11:04:25.500062,25822,Seattle City Light,Seattle,Monday,False
2025-07-15,GHCND:USW00024233,88.0,56.0,72.0,NOAA,2025-07-28 11:04:25.500062,26321,Seattle City Light,Seattle,Tuesday,False
2025-07-16,GHCND:USW00024233,94.0,66.0,80.0,NOAA,2025-07-28 11:04:25.500062,27180,Seattle City Light,Seattle,Wednesday,False
2025-07-17,GHCND:USW00024233,86.0,56.0,71.0,NOAA,2025-07-28 11:04:25.500062,25557,Seattle City Light,Seattle,Thursday,False
2025-07-18,GHCND:USW00024233,70.0,56.0,63.0,NOAA,2025-07-28 11:04:25.500062,23662,Seattle City Light,Seattle,Friday,False
2025-07-19,GHCND:USW00024233,70.0,55.0,62.5,NOAA,2025-07-28 11:04:25.500062,21489,Seattle City Light,Seattle,Saturday,True
2025-07-20,GHCND:USW00024233,65.0,51.0,58.0,NOAA,2025-07-28 11:04:25.500062,21332,Seattle City Light,Seattle,Sunday,True
2025-07-21,GHCND:USW00024233,77.0,54.0,65.5,NOAA,2025-07-28 11:04:25.500062,24051,Seattle City Light,Seattle,Monday,False
2025-07-22,GHCND:USW00024233,78.0,57.0,67.5,NOAA,2025-07-28 11:04:25.500062,24378,Seattle City Light,Seattle,Tuesday,False
2025-07-23,GHCND:USW00024233,83.0,57.0,70.0,NOAA,2025-07-28 11:04:25.500062,24213,Seattle City Light,Seattle,Wednesday,False
2025-07-24,GHCND:USW00024233,76.0,55.0,65.5,NOAA,2025-07-28 11:04:25.500062,23383,Seattle City Light,Seattle,Thursday,False
2025-07-25,GHCND:USW00024233,71.0,55.0,63.0,NOAA,2025-07-28 11:04:25.500062,22652,Seattle City Light,Seattle,Friday,False
2025-07-26,,,,,,,21181,Seattle City Light,Seattle,Saturday,True
